Item,Subsystem,Part,Specification,Design Qty,Unit,Cart action,Source,Make / Product,Product code,Purchase link,Unit price (INR),Line total (INR),Status,Validation notes
1,Control,Microcontroller,ESP32-WROOM-32 DevKit v1 30-pin,1,pcs,Keep,Robu,Generic ESP32-WROOM-32D IoT Development Board,1308031,https://robu.in/product/esp32-wroom-32d-iot-development-doard-module-for-arduino/,639,639,In cart,"Use ADC1 only for thermistors because ADC2 is unavailable while Wi-Fi is active."
2,Pack,Li-ion cells,Panasonic/Sanyo NCR18650GA 3.6V 3300mAh cells; matched 4S1P set,4,pcs,Keep,Existing stock (replacement: Batteryworks India),Panasonic/Sanyo NCR18650GA,NCR18650GA,https://batteryworks.in/products/panasonic-ncr18650ga-3-6v-3300mah-li-ion-battery,899,3596,Available from existing stock,"Four red rewrapped cells recovered from earlier battery packs are user-confirmed serviceable; photographs show a representative cell marked PW 3300mAh NCR18650GA. Replacement cost is retained so the BOM is reproducible. Record all four IDs and accept only after wrapper/terminal inspection, voltage rest, capacity and DC-resistance matching. Project current remains limited to 5A."
3,Protection,Independent hardware BMS,"4S NMC common-port board; 20A hardware rating; OV/UV/OCD/SCD and passive balance",1,pcs,Add,Robu,SLCT Li-ion NMC 04S 14.8V 20A Hardware BMS,R266987,https://robu.in/product/slct-li-ion-nmc-04s-148v-20a-hardware-battery-management-system/,239,239,In cart,"Verified in stock with protection functions and a 5-pin JST-XH harness. This is the non-software safety layer; the 20A board rating does not change the 5A project limit."
4,Pack mechanics,Cell spacers,"18650 2x1 modular spacers; upper and lower layers",4,pcs,Add,Robu,Battery Spacer for 18650 2x1,130310,https://robu.in/product/18650-2x1-battery-cell-spacer-holder-5pcs/,4,16,In cart,"Use two interlocked spacers per end to support the four-cell row. These replace the spring holder and are not electrical contacts."
5,Pack insulation,Positive terminal rings,18650 fish-paper adhesive terminal insulation 20-hole sheet,2,sheet,Add,Robu,Single-hole electrical insulating adhesive mat for 18650 cells,R110652,https://robu.in/product/single-hole-electrical-insulating-adhesive-mat-for-18650-18350-ps-1p-battery-cell-terminal-insulation-20holes-pc-5x4-sheet/,6,12,In cart,"Two sheets satisfy Robu's minimum line value. Fit one ring to every positive terminal before nickel placement."
6,Pack insulation,Barrier paper and pack sleeve,"Fish/barley paper plus appropriately sized PVC heat-shrink sleeve",1,set,Add,Robu or local,Select to fit finished welded pack,To confirm,https://robu.in/product-category/battery-accessories/,150,150,Verify before order,"Budget allowance. Measure the assembled spacer envelope before choosing sleeve width; electrically isolate nickel and BMS from cell cans."
7,Pack interconnect,Pure nickel strip,0.15x8mm pure nickel strip,1,pack,Use existing stock,Existing stock (replacement: Robu),99.96% Pure Nickel Strip 0.15x8x100mm 50pcs,203918,https://robu.in/product/battery-connection-welding-strip-with-99-96-pure-nickel-50pcs/,569,569,Available from existing stock,"Replacement cost remains for reproducibility. Use short links and validate weld strength on scrap or cell-free coupons before welding cells. Do not solder directly to cell terminals."
8,Thermal sensing,Fast NTC thermistors,10k B3950 epoxy bead thermistors,4,pcs,Replace,Robu,10k Ohm NTC Thermistor,871999,https://robu.in/product/10k-ohm-ntc-thermistor/,14,56,In cart,"The listing package contains one thermistor despite its pack wording. Four units are in the cart. Bond each small bead to a cell mid-body using electrically insulating thermally conductive tape."
9,Voltage sensing,External ADC,ADS1115 16-bit 4-channel I2C ADC at 3.3V,1,pcs,Add,Robu,ADS1115 16-Bit ADC 4 Channel PGA,43582,https://robu.in/product/ads1115-16-bit-adc-4-channel-programmable-gain-amplifier/,119,119,In cart,"One cumulative divider per cell tap; compute cell voltage by adjacent subtraction."
10,Voltage and thermal sensing,Precision resistor kit,"1% metal-film values including 10k; 56k; 330k",1,set,Keep,Robu,820pcs 1/4W 1% 41-value metal-film resistor kit,R267256,https://robu.in/product/820pcs-14w-1pct-41-kinds-each-value-20pcs-metal-film-resistors-kit-plastic-box/,389,389,In cart,"Confirm 56k and 330k are actually included; otherwise buy those values separately. Calibrate all four divider ratios."
11,Signal protection,RC filters and ADC clamps,"100nF capacitors; 10k series resistors; low-leakage 3.3V clamps",1,set,Add,Robu or local,Discrete protection parts,To confirm,https://robu.in/product-category/electronic-components/,100,100,Verify before order,"Mandatory between pack taps and ADC. Select clamp parts only after breadboard leakage testing because leakage directly affects high-value dividers."
12,Current sensing,Current and power monitor,INA226 36V bidirectional I2C module,1,pcs,Replace,Robu,INA226 Voltage Current and Power Monitor Module,R260414,https://robu.in/product/ina226-voltage-current-and-power-monitor-module/,124,124,In cart,"Power at 3.3V. The live module image shows an R100 0.1Ohm onboard shunt; bypass or remove it and use item 13 with Kelvin wiring. Do not accept the listing's 20A claim without this modification and calibration."
13,Current sensing,External shunt,5mOhm 3W 1% Kelvin-connected shunt pack of 3,1,pack,Add,Robu,0.005 Ohm 3W Surface Mount Sense Resistor,591923,https://robu.in/product/0-005-ohm-3w-surface-mount-sense-resistor-pack-of-3/,15,15,In cart,"At 5A the loss is 0.125W and INA226 shunt voltage is 25mV. Mount one resistor on adequate copper and route separate sense traces."
14,Low-voltage power,Buck regulator,LM2596 adjustable buck set to 5.0V before connection,1,pcs,Keep,Robu,LM2596S Adjustable DC-DC Buck Module,699581,https://robu.in/product/lm2596s-with-smd-led-dc-dc-step-down-power-supply/,45,45,In cart,"Connect across protected P+/P- before branch relays; it stays alive after a software branch trip but turns off on hardware-BMS UV."
15,Branch isolation,Charge and load disconnect,"Dual 5V relay module; 2 independently controlled NO contacts; 10A at 30VDC",1,pcs,Add,Robu,SmartElex 5V 10A 2-Channel Relay Module,R196212,https://robu.in/product/smartelex-5v-10a-2-channel-relay-module/,209,209,In cart,"Project limit is 5A continuous. Use NO contacts and external pull-ups so both branches default OFF during reset. Never PWM the relays."
16,Primary protection,Pack fuse,7.5A 32V medium ATC/ATO blade fuse,2,pcs,Replace,Robu,7.5A Medium Aluminum Car Insert Fuse,R260438,https://robu.in/product/7-5a-medium-aluminum-car-insert-fuse/,11,22,In cart,"Install one fuse immediately at B+ and retain one spare. Live dimensions match the standard/medium holder format; verify physical engagement before energizing."
17,Primary protection,Inline fuse holder,Waterproof inline blade-fuse holder pack of 5,1,pack,Keep,Robu,Waterproof In-Line Blade Fuse Holders 5pcs,699636,https://robu.in/product/waterproof-in-line-blade-fuse-with-holders-for-car-fuse-replacement-socket-5pcs/,589,589,In cart,"Verify the holder accepts the selected standard/medium ATO/ATC fuse; if not replace one of the two items with a matched 7.5A holder and fuse pair."
18,Connectors,Power and balance connectors,"2 XT60 pairs plus 5-pin JST-XH balance or tap harness",1,set,Keep,Robu,Amass XT60 pair plus 5-pin JST-XH cable,"R264640 + 530811","https://robu.in/product/amass-xt60-gold-plated-bullet-battery-connector-pair-xt60-fgy-and-xt60-mgy/ ; https://robu.in/product/5-pin-jst-xh-2-54mm-pitch-plug-and-socket-with-cable-4-pcs/",140,140,In cart,"Use separate keyed charge and load connectors or unmistakable labels. Verify B-/B1/B2/B3/B+ order with a meter before connecting electronics."
19,Wiring,Power and sense wire,"16AWG red/black power wire plus five colours of 22AWG sense wire",7,m,Keep,Robu,Silicone wire set,"R257318; R257317; 1824998; 1824995; 1825000; 1824996; 1824997",https://robu.in/?s=High+Quality+Ultra+Flexible+Silicone+Wire&post_type=product,198,198,In cart,"Fuse and power conductors sized for the 5A prototype. Twist each Kelvin shunt pair and keep sense wiring away from relay contacts."
20,Electronics assembly,Perfboard,"FR4 7x9cm 2.54mm single-sided prototyping board",2,pcs,Use existing stock,Existing stock (replacement: DNA Technology),Universal PCB Prototype Board 7x9cm,"7302 / DAH173",https://www.dnatechindia.com/PCB/General_Purpose_PCB/7x9%20cm-universal-pcb-prototype-board-single-sided-2.54mm-hole-pitch-buy-in-india.html,39.095,78.19,Available from existing stock,"Replacement cost remains for reproducibility. Prototype only. Keep pack-voltage copper spacing and strain relief; move to a PCB before final enclosure."
21,Charging,Dedicated charger,"Isolated 16.8V CC/CV charger; 1.5A maximum; for 4S NMC or Li-ion",1,pcs,Use existing stock,Existing stock (replacement: Lion Battery India),16.8V 1.5A NMC/Li-ion 4S CC/CV charger,LB-16.8V-1.5A-4S,https://lionbattery.in/shop/shop/power-supply/ac-to-dc-power-supply/16-8v-1-5a-nmc-battery-charger-for-4s-li-ion-pack-cc-cv-charger/,850,850,Available from existing stock,"Replacement cost remains for reproducibility; the listing is ₹720.34 before tax and ₹850 is the rounded 18%-GST replacement budget. Before use, verify the owned charger's CC/CV behaviour, DC-plug dimensions, polarity, isolation and 16.80V no-load output; the charge-only connector goes through the charge relay."
22,Charging,Charger connector,Barrel adapter pair matched to the selected charger's measured plug; provisional 5.5x2.5mm,1,pair,Add after plug verification,Efillooc,5.5x2.5mm DC Connector Male/Female Adapter with Screw Terminal,Not listed,https://efillooc.com/product/dc-55x25-mm-connector-male-female-screw-terminal/,169,169,Hold - verify charger plug,"The charger listing does not state barrel dimensions. Buy this 5A-rated pair only if the received charger measures 5.5x2.5mm and polarity is confirmed; otherwise source the correctly mating keyed connector. Retain strain relief in the printed enclosure."
23,Enclosure,PETG filament,1.75mm PETG light grey 1kg spool,1,spool,Use existing stock,Existing stock (replacement: Robu),Numakers PETG-HS Light Gray 1.75mm 1kg,1665487,https://robu.in/product/numaker-petg-hs-filament-light-gray-1-75-mm-1-kg/,780,780,Available from existing stock,"Replacement cost remains for reproducibility. Use PETG instead of PLA; design vents and a removable electronics cover. The enclosure is not a fire-containment device."
24,Assembly,Mounting and strain relief,"M3 standoffs; screws; cable glands; ferrules; ties and adhesive mounts",1,set,Add,Robu or local,Mechanical hardware allowance,To confirm,https://robu.in/product-category/battery-accessories/,100,100,Verify before order,"No loose PCB or power wiring inside the pack. Keep metal fasteners away from exposed cell terminals."
25,User safety,Alarm,5V active buzzer module plus red status LED and resistor,1,set,Add,Robu,SmartElex Active Buzzer Module,R196225,https://robu.in/product/smartelex-active-buzzer-module/,42,42,In cart,"Drive the 5V module through a suitable transistor or module input from the ESP32; add a red LED and resistor from the existing component stock. A local latched fault indication is required when Wi-Fi is unavailable."
26,Excluded,Spring cell holder,4S spring-contact holder,0,pcs,Remove,Hubtronics,Generic 4S spring holder,03410,https://hubtronics.in/18650-4s-spring-holder,0,0,Removed from cart,"Not used with a spot-welded pack; it adds contact resistance and duplicates the mechanical structure."
27,Excluded,Prewired 1S packs,Pro-Range N18650CH 1S1P packs,0,pcs,Remove,Robu,Pro-Range N18650CH 1S1P,1553353,https://robu.in/product/pro-range-icr-18650-3-7v-2500mah-3c-1s1p-li-ion-battery-pack-no-bms/,0,0,Removed from cart,"Do not series-connect four prewired mini-packs for this monitored welded pack; use matched bare cells in item 2."
28,Excluded,Large NTC probes,5x20mm stainless B3950 probes,0,pcs,Remove,Robu,B3950 probe with 0.5m lead,1307989,https://robu.in/product/b3950-10k-ntc-thermistor-temperature-sensor-525mm-with-xh2-54-connector-with-0-5-meter-cable/,0,0,Removed from cart,"Thermal mass and packaging slow the response needed for predictive dT/dt testing."
29,Excluded,Discrete cutoff MOSFETs,IRLZ44 or IRLZ44N TO-220 pair,0,pcs,Remove,Probots,IRLZ44 logic-level MOSFET,PRO5939,https://probots.co.in/irlz44-logic-level-n-channel-power-mosfet-to-220.html,0,0,Removed from cart,"The earlier circuit lacked a valid independent high-side or source-referenced gate strategy. The redesign uses hardware BMS protection plus two fail-off relay branches."
30,Excluded,MOSFET driver,TC4420 single-channel driver,0,pcs,Remove,ElectronicsComp,TC4420 6A non-inverting driver,EC-1876,https://www.electronicscomp.com/tc4420-6a-high-speed-mosfet-driver-ic,0,0,Removed from cart,"A single ground-referenced driver cannot independently control the two earlier series MOSFET functions."
31,Excluded,ACS712 current sensor,20A 5V Hall module,0,pcs,Remove,DNA Technology,ACS712 20A module,"264 / DAA680",https://www.dnatechindia.com/ACS712_current_sensor_20ampere_buy_in_india.html,0,0,Removed from cart,"Replaced by INA226 plus a known 5mOhm shunt for bidirectional calibrated current and power data."
32,Excluded,PLA filament,1.75mm PLA+ 1kg,0,spool,Remove,Robu,Pro-Range Hyper PLA+ Grey,R264668,https://robu.in/product/pro-range-hyper-pla-filament-175-mm-1kg-spool-grey/,0,0,Removed from cart,"Replaced by PETG for better temperature margin."
